<?xml version="1.0" encoding="UTF-8" standalone='yes'?>
<jazn-data
  xmlns:xsi="http://www.w3.org/2001/XMLSchema-instance"
  xsi:noNamespaceSchemaLocation="http://xmlns.oracle.com/oracleas/schema/jazn-data-10_0.xsd"
  schema-major-version="10"
  schema-minor-version="0"
>
<!-- JAZN Realm Data -->
<jazn-realm>
	<realm>
		<name>jazn.com</name>
		<users>
		</users>
		<roles>
			<role>
				<name>users</name>
				<guid>3303B800199811E0BF9A096A01A014CE</guid>
				<members>
				</members>
			</role>
		</roles>
	</realm>
</jazn-realm>
<!-- JACC Repository Data -->
<jacc-repository>
</jacc-repository>
<jazn-policy>
	<grant>
		<grantee>
			<principals>
				<principal>
					<realm-name>jazn.com</realm-name>
					<type>role</type>
					<class>oracle.security.jazn.spi.xml.XMLRealmRole</class>
					<name>users</name>
				</principal>
			</principals>
		</grantee>
		<permissions>
			<permission>
				<class>oracle.adf.share.security.authorization.AttributePermission</class>
				<name>AppVistaSwingDataControl.GruposView2.Estado</name>
				<actions>read</actions>
			</permission>
			<permission>
				<class>oracle.adf.share.security.authorization.AttributePermission</class>
				<name>AppVistaSwingDataControl.GruposView2.Nombre</name>
				<actions>read</actions>
			</permission>
			<permission>
				<class>oracle.adf.share.security.authorization.AttributePermission</class>
				<name>AppVistaSwingDataControl.GruposView2.Precio</name>
				<actions>read</actions>
			</permission>
			<permission>
				<class>oracle.adf.share.security.authorization.AttributePermission</class>
				<name>AppVistaSwingDataControl.GruposView2.Horario</name>
				<actions>read</actions>
			</permission>
			<permission>
				<class>oracle.adf.share.security.authorization.AttributePermission</class>
				<name>AppVistaSwingDataControl.GruposView2.Idgrupo</name>
				<actions>read</actions>
			</permission>
		</permissions>
	</grant>
</jazn-policy>
<jazn-permission-classes>
</jazn-permission-classes>
</jazn-data>
