<?xml version="1.0" encoding="UTF-8" standalone="no"?>

<!DOCTYPE PEDIDO SYSTEM "pedido.dtd">

<PEDIDO OBSERVACIONES_PEDIDO="urgente">
	<!--
	
	El pedido debe comenzar con la información del pedido, es decir: código del pedido, 
	
	información de la sucursal que efectua el pedido y sus direcciones de exposición y 
	
	gestion, trabajador que efectua el pedido, fecha en formato AAAA-MM-DD y plazo de 
	
	revisión del pedido
	
-->	
	<INFORMACION COD_PEDIDO ="A12ZRG67">
		<SUCURSAL>
			<INFO_SUCURSAL>Zaragoza - Las Delicias</INFO_SUCURSAL>
			<DIR_EXPOSICION>
				<VIA_NUMERO>Pase de las Delicias, 21</VIA_NUMERO>
				<POBLACION>Zaragoza</POBLACION>
				<COD_POSTAL>50017</COD_POSTAL>
				<PROVINCIA>Zaragoza</PROVINCIA>
			</DIR_EXPOSICION>
			<DIR_GESTION>
				<VIA_NUMERO>Pase de las Delicias, 21</VIA_NUMERO>
				<POBLACION>Zaragoza</POBLACION>
				<COD_POSTAL>50017</COD_POSTAL>
				<PROVINCIA>Zaragoza</PROVINCIA>
			</DIR_GESTION>
		</SUCURSAL>
		<TRABAJADOR>Arturo Puertas Carrasco</TRABAJADOR>
		<FECHA>2012-02-14</FECHA>
		<PLAZO_REVISION>P30D</PLAZO_REVISION>
	</INFORMACION>
	<!--
	
	Tras la información de pedido, se indicarán tantos detalles como artículos solicitados,
	
	indicando en cada uno de ellos, el código de artículo (ha de ser único para cada detalle
	
	dentro del pedido), el número de unidades y  el precio de cada unidad.
	
	Opcionalmente, podrán indicarse las observaciones necesarias para cada detalle del
	
	pedido.
	
-->
	<DETALLE COD_ARTICULO="CVZ-001">
		<NUM_UNIDADES>20</NUM_UNIDADES>
		<PRECIO_UNIDAD>30</PRECIO_UNIDAD>
		<OBSERVACIONES_DETALLE>
			Cerveza Cruzcampo, en oferta desde el 2 de enero de 2012 hasta el 15 de marzo de 2012
		</OBSERVACIONES_DETALLE>
	</DETALLE>
	<DETALLE COD_ARTICULO="VRD-004">
		<NUM_UNIDADES>10</NUM_UNIDADES>
		<PRECIO_UNIDAD>40</PRECIO_UNIDAD>
		<OBSERVACIONES_DETALLE>
			Vino Vega Sicilia - Rivera del Duero
		</OBSERVACIONES_DETALLE>
	</DETALLE>
</PEDIDO>


