<?xml version="1.0" encoding="UTF-8"?>
<project-private xmlns="http://www.netbeans.org/ns/project-private/1">
    <editor-bookmarks xmlns="http://www.netbeans.org/ns/editor-bookmarks/1"/>
    <open-files xmlns="http://www.netbeans.org/ns/projectui-open-files/1">
        <file>file:/D:/Tarea_8_2/src/tarea_8_2/Main.java</file>
        <file>file:/D:/Tarea_8_2/src/tarea_8_2/GestorClientesXML.java</file>
        <file>file:/D:/Tarea_8_2/src/tarea_8_2/ComparadorTelefono.java</file>
    </open-files>
</project-private>
