<?xml version='1.0' encoding='windows-1252' ?>
<!DOCTYPE AppModule SYSTEM "jbo_03_01.dtd">

<AppModule
   Name="AppVistaSwing"
   ComponentClass="vistaswing.AppVistaSwingImpl" >
   <Data>
      <Property Name ="COMPLETE_LIBRARY" Value ="FALSE" />
      <Property Name ="ID" Value ="58819487-012d-1000-8061-c0a89a807335::::ApplicationModule" />
      <Property Name ="IS_ABSTRACT" Value ="FALSE" />
      <Property Name ="IS_ACTIVE" Value ="FALSE" />
      <Property Name ="IS_LEAF" Value ="FALSE" />
      <Property Name ="IS_ROOT" Value ="TRUE" />
      <Property Name ="VISIBILITY" Value ="PUBLIC" />
   </Data>
   <DesignTime>
      <Attr Name="_isCodegen" Value="true" />
      <Attr Name="_version" Value="10.1.3.40.66" />
      <Attr Name="_deployType" Value="0" />
   </DesignTime>
   <ViewUsage
      Name="GruposView1"
      ViewObjectName="vistaswing.GruposView" >
      <Data>
         <Property Name ="COMPLETE_LIBRARY" Value ="FALSE" />
         <Property Name ="ID" Value ="58819496-012d-1000-8062-c0a89a807335::::ViewObjectInstance" />
         <Property Name ="IS_ABSTRACT" Value ="FALSE" />
         <Property Name ="IS_ACTIVE" Value ="FALSE" />
         <Property Name ="IS_LEAF" Value ="FALSE" />
         <Property Name ="IS_ROOT" Value ="TRUE" />
         <Property Name ="VISIBILITY" Value ="PUBLIC" />
      </Data>
   </ViewUsage>
   <ViewUsage
      Name="MonitoresView1"
      ViewObjectName="vistaswing.MonitoresView" >
      <Data>
         <Property Name ="COMPLETE_LIBRARY" Value ="FALSE" />
         <Property Name ="ID" Value ="58819496-012d-1000-8063-c0a89a807335::::ViewObjectInstance" />
         <Property Name ="IS_ABSTRACT" Value ="FALSE" />
         <Property Name ="IS_ACTIVE" Value ="FALSE" />
         <Property Name ="IS_LEAF" Value ="FALSE" />
         <Property Name ="IS_ROOT" Value ="TRUE" />
         <Property Name ="VISIBILITY" Value ="PUBLIC" />
      </Data>
   </ViewUsage>
   <ViewUsage
      Name="GruposView2"
      ViewObjectName="vistaswing.GruposView" >
      <Data>
         <Property Name ="COMPLETE_LIBRARY" Value ="FALSE" />
         <Property Name ="ID" Value ="58819496-012d-1000-8065-c0a89a807335::::ViewObjectInstance" />
         <Property Name ="IS_ABSTRACT" Value ="FALSE" />
         <Property Name ="IS_ACTIVE" Value ="FALSE" />
         <Property Name ="IS_LEAF" Value ="FALSE" />
         <Property Name ="IS_ROOT" Value ="TRUE" />
         <Property Name ="VISIBILITY" Value ="PUBLIC" />
      </Data>
   </ViewUsage>
   <ViewLinkUsage
      Name="SysC004096Link1"
      ViewLinkObjectName="vistaswing.Monitores_Grupos_Link"
      SrcViewUsageName="vistaswing.AppVistaSwing.MonitoresView1"
      DstViewUsageName="vistaswing.AppVistaSwing.GruposView2" >
      <Data>
         <Property Name ="DST_END_ID" Value ="588194a6-012d-1000-8068-c0a89a807335::vistaswing.AppVistaSwing.SysC004096Link1::ViewLinkEndInstance" />
         <Property Name ="DST_END_NAME" Value ="Detail" />
         <Property Name ="DST_END_SEQUENCE" Value ="10" />
         <Property Name ="ID" Value ="58819496-012d-1000-8066-c0a89a807335::::ViewLinkInstance" />
         <Property Name ="IS_ABSTRACT" Value ="FALSE" />
         <Property Name ="IS_LEAF" Value ="FALSE" />
         <Property Name ="IS_ROOT" Value ="FALSE" />
         <Property Name ="SRC_END_ID" Value ="58819496-012d-1000-8067-c0a89a807335::vistaswing.AppVistaSwing.SysC004096Link1::ViewLinkEndInstance" />
         <Property Name ="SRC_END_NAME" Value ="Master" />
         <Property Name ="SRC_END_SEQUENCE" Value ="0" />
      </Data>
      <DesignTime>
         <Attr Name="_isCodegen" Value="true" />
         <Attr Name="_version" Value="10.1.3.40.66" />
      </DesignTime>
   </ViewLinkUsage>
</AppModule>
