<?xml version='1.0' encoding='windows-1252' ?>
<!DOCTYPE ViewObject SYSTEM "jbo_03_01.dtd">

<ViewObject
   Name="GruposView"
   SelectList="Grupos.IDGRUPO, 
       Grupos.CODIGOINSTALACION, 
       Grupos.COSACTIVIDAD, 
       Grupos.IDMONITOR, 
       Grupos.NOMBRE, 
       Grupos.HORARIO, 
       Grupos.ESTADO, 
       Grupos.PRECIO, 
       Grupos.NMIN, 
       Grupos.NMAX"
   FromList="GRUPOS Grupos"
   BindingStyle="OracleName"
   CustomQuery="false"
   ComponentClass="vistaswing.GruposViewImpl"
   UseGlueCode="false" >
   <Data>
      <Property Name ="COMPLETE_LIBRARY" Value ="FALSE" />
      <Property Name ="ID" Value ="5881938d-012d-1000-8024-c0a89a807335::::ViewObject" />
      <Property Name ="IS_ABSTRACT" Value ="FALSE" />
      <Property Name ="IS_ACTIVE" Value ="FALSE" />
      <Property Name ="IS_LEAF" Value ="FALSE" />
      <Property Name ="IS_ROOT" Value ="FALSE" />
      <Property Name ="VISIBILITY" Value ="PUBLIC" />
   </Data>
   <DesignTime>
      <Attr Name="_version" Value="10.1.3.40.66" />
      <Attr Name="_codeGenFlag2" Value="Access|Coll|VarAccess" />
   </DesignTime>
   <EntityUsage
      Name="Grupos"
      Entity="vistaswing.Grupos" >
      <Data>
         <Property Name ="COMPLETE_LIBRARY" Value ="FALSE" />
         <Property Name ="ID" Value ="5881939c-012d-1000-802f-c0a89a807335::vistaswing.GruposView$Grupos::EntityObjectInstance" />
         <Property Name ="IS_ABSTRACT" Value ="FALSE" />
         <Property Name ="IS_ACTIVE" Value ="FALSE" />
         <Property Name ="IS_LEAF" Value ="FALSE" />
         <Property Name ="IS_ROOT" Value ="FALSE" />
         <Property Name ="VISIBILITY" Value ="PUBLIC" />
      </Data>
      <DesignTime>
         <Attr Name="_queryClause" Value="false" />
      </DesignTime>
   </EntityUsage>
   <ViewAttribute
      Name="Idgrupo"
      IsNotNull="true"
      EntityAttrName="Idgrupo"
      EntityUsage="Grupos"
      AliasName="IDGRUPO" >
      <Data>
         <Property Name ="ATTR_LOAD" Value ="LOAD_EACH" />
         <Property Name ="CHANGEABILITY" Value ="CHANGEABLE" />
         <Property Name ="ID" Value ="5881939c-012d-1000-8025-c0a89a807335::vistaswing.GruposView::ViewObjectAttribute" />
         <Property Name ="IS_NOT_NULL" Value ="TRUE" />
         <Property Name ="IS_OVERRIDE_ATTR" Value ="FALSE" />
         <Property Name ="IS_PERSISTENT" Value ="TRUE" />
         <Property Name ="IS_QUERIABLE" Value ="TRUE" />
         <Property Name ="IS_SUPER_ATTR" Value ="FALSE" />
         <Property Name ="IS_UNIQUE" Value ="FALSE" />
         <Property Name ="IS_UPDATEABLE" Value ="UPDATEABLE" />
         <Property Name ="IS_VISIBLE" Value ="TRUE" />
         <Property Name ="MULTIPLICITY" Value ="1" />
         <Property Name ="OWNER_SCOPE" Value ="INSTANCE" />
         <Property Name ="VISIBILITY" Value ="PACKAGE" />
      </Data>
   </ViewAttribute>
   <ViewAttribute
      Name="Codigoinstalacion"
      IsNotNull="true"
      EntityAttrName="Codigoinstalacion"
      EntityUsage="Grupos"
      AliasName="CODIGOINSTALACION" >
      <Data>
         <Property Name ="ATTR_LOAD" Value ="LOAD_EACH" />
         <Property Name ="CHANGEABILITY" Value ="CHANGEABLE" />
         <Property Name ="ID" Value ="5881939c-012d-1000-8026-c0a89a807335::vistaswing.GruposView::ViewObjectAttribute" />
         <Property Name ="IS_NOT_NULL" Value ="TRUE" />
         <Property Name ="IS_OVERRIDE_ATTR" Value ="FALSE" />
         <Property Name ="IS_PERSISTENT" Value ="TRUE" />
         <Property Name ="IS_QUERIABLE" Value ="TRUE" />
         <Property Name ="IS_SUPER_ATTR" Value ="FALSE" />
         <Property Name ="IS_UNIQUE" Value ="FALSE" />
         <Property Name ="IS_UPDATEABLE" Value ="UPDATEABLE" />
         <Property Name ="IS_VISIBLE" Value ="TRUE" />
         <Property Name ="MULTIPLICITY" Value ="1" />
         <Property Name ="OWNER_SCOPE" Value ="INSTANCE" />
         <Property Name ="VISIBILITY" Value ="PACKAGE" />
      </Data>
   </ViewAttribute>
   <ViewAttribute
      Name="Cosactividad"
      IsNotNull="true"
      EntityAttrName="Cosactividad"
      EntityUsage="Grupos"
      AliasName="COSACTIVIDAD" >
      <Data>
         <Property Name ="ATTR_LOAD" Value ="LOAD_EACH" />
         <Property Name ="CHANGEABILITY" Value ="CHANGEABLE" />
         <Property Name ="ID" Value ="5881939c-012d-1000-8027-c0a89a807335::vistaswing.GruposView::ViewObjectAttribute" />
         <Property Name ="IS_NOT_NULL" Value ="TRUE" />
         <Property Name ="IS_OVERRIDE_ATTR" Value ="FALSE" />
         <Property Name ="IS_PERSISTENT" Value ="TRUE" />
         <Property Name ="IS_QUERIABLE" Value ="TRUE" />
         <Property Name ="IS_SUPER_ATTR" Value ="FALSE" />
         <Property Name ="IS_UNIQUE" Value ="FALSE" />
         <Property Name ="IS_UPDATEABLE" Value ="UPDATEABLE" />
         <Property Name ="IS_VISIBLE" Value ="TRUE" />
         <Property Name ="MULTIPLICITY" Value ="1" />
         <Property Name ="OWNER_SCOPE" Value ="INSTANCE" />
         <Property Name ="VISIBILITY" Value ="PACKAGE" />
      </Data>
   </ViewAttribute>
   <ViewAttribute
      Name="Idmonitor"
      IsNotNull="true"
      EntityAttrName="Idmonitor"
      EntityUsage="Grupos"
      AliasName="IDMONITOR" >
      <Data>
         <Property Name ="ATTR_LOAD" Value ="LOAD_EACH" />
         <Property Name ="CHANGEABILITY" Value ="CHANGEABLE" />
         <Property Name ="ID" Value ="5881939c-012d-1000-8028-c0a89a807335::vistaswing.GruposView::ViewObjectAttribute" />
         <Property Name ="IS_NOT_NULL" Value ="TRUE" />
         <Property Name ="IS_OVERRIDE_ATTR" Value ="FALSE" />
         <Property Name ="IS_PERSISTENT" Value ="TRUE" />
         <Property Name ="IS_QUERIABLE" Value ="TRUE" />
         <Property Name ="IS_SUPER_ATTR" Value ="FALSE" />
         <Property Name ="IS_UNIQUE" Value ="FALSE" />
         <Property Name ="IS_UPDATEABLE" Value ="UPDATEABLE" />
         <Property Name ="IS_VISIBLE" Value ="TRUE" />
         <Property Name ="MULTIPLICITY" Value ="1" />
         <Property Name ="OWNER_SCOPE" Value ="INSTANCE" />
         <Property Name ="VISIBILITY" Value ="PACKAGE" />
      </Data>
   </ViewAttribute>
   <ViewAttribute
      Name="Nombre"
      EntityAttrName="Nombre"
      EntityUsage="Grupos"
      AliasName="NOMBRE" >
      <Data>
         <Property Name ="ATTR_LOAD" Value ="LOAD_EACH" />
         <Property Name ="CHANGEABILITY" Value ="CHANGEABLE" />
         <Property Name ="ID" Value ="5881939c-012d-1000-8029-c0a89a807335::vistaswing.GruposView::ViewObjectAttribute" />
         <Property Name ="IS_NOT_NULL" Value ="TRUE" />
         <Property Name ="IS_OVERRIDE_ATTR" Value ="FALSE" />
         <Property Name ="IS_PERSISTENT" Value ="TRUE" />
         <Property Name ="IS_QUERIABLE" Value ="TRUE" />
         <Property Name ="IS_SUPER_ATTR" Value ="FALSE" />
         <Property Name ="IS_UNIQUE" Value ="FALSE" />
         <Property Name ="IS_UPDATEABLE" Value ="UPDATEABLE" />
         <Property Name ="IS_VISIBLE" Value ="TRUE" />
         <Property Name ="MULTIPLICITY" Value ="1" />
         <Property Name ="OWNER_SCOPE" Value ="INSTANCE" />
         <Property Name ="VISIBILITY" Value ="PACKAGE" />
      </Data>
   </ViewAttribute>
   <ViewAttribute
      Name="Horario"
      EntityAttrName="Horario"
      EntityUsage="Grupos"
      AliasName="HORARIO" >
      <Data>
         <Property Name ="ATTR_LOAD" Value ="LOAD_EACH" />
         <Property Name ="CHANGEABILITY" Value ="CHANGEABLE" />
         <Property Name ="ID" Value ="5881939c-012d-1000-802a-c0a89a807335::vistaswing.GruposView::ViewObjectAttribute" />
         <Property Name ="IS_NOT_NULL" Value ="TRUE" />
         <Property Name ="IS_OVERRIDE_ATTR" Value ="FALSE" />
         <Property Name ="IS_PERSISTENT" Value ="TRUE" />
         <Property Name ="IS_QUERIABLE" Value ="TRUE" />
         <Property Name ="IS_SUPER_ATTR" Value ="FALSE" />
         <Property Name ="IS_UNIQUE" Value ="FALSE" />
         <Property Name ="IS_UPDATEABLE" Value ="UPDATEABLE" />
         <Property Name ="IS_VISIBLE" Value ="TRUE" />
         <Property Name ="MULTIPLICITY" Value ="1" />
         <Property Name ="OWNER_SCOPE" Value ="INSTANCE" />
         <Property Name ="VISIBILITY" Value ="PACKAGE" />
      </Data>
   </ViewAttribute>
   <ViewAttribute
      Name="Estado"
      EntityAttrName="Estado"
      EntityUsage="Grupos"
      AliasName="ESTADO" >
      <Data>
         <Property Name ="ATTR_LOAD" Value ="LOAD_EACH" />
         <Property Name ="CHANGEABILITY" Value ="CHANGEABLE" />
         <Property Name ="ID" Value ="5881939c-012d-1000-802b-c0a89a807335::vistaswing.GruposView::ViewObjectAttribute" />
         <Property Name ="IS_NOT_NULL" Value ="TRUE" />
         <Property Name ="IS_OVERRIDE_ATTR" Value ="FALSE" />
         <Property Name ="IS_PERSISTENT" Value ="TRUE" />
         <Property Name ="IS_QUERIABLE" Value ="TRUE" />
         <Property Name ="IS_SUPER_ATTR" Value ="FALSE" />
         <Property Name ="IS_UNIQUE" Value ="FALSE" />
         <Property Name ="IS_UPDATEABLE" Value ="UPDATEABLE" />
         <Property Name ="IS_VISIBLE" Value ="TRUE" />
         <Property Name ="MULTIPLICITY" Value ="1" />
         <Property Name ="OWNER_SCOPE" Value ="INSTANCE" />
         <Property Name ="VISIBILITY" Value ="PACKAGE" />
      </Data>
   </ViewAttribute>
   <ViewAttribute
      Name="Precio"
      EntityAttrName="Precio"
      EntityUsage="Grupos"
      AliasName="PRECIO" >
      <Data>
         <Property Name ="ATTR_LOAD" Value ="LOAD_EACH" />
         <Property Name ="CHANGEABILITY" Value ="CHANGEABLE" />
         <Property Name ="ID" Value ="5881939c-012d-1000-802c-c0a89a807335::vistaswing.GruposView::ViewObjectAttribute" />
         <Property Name ="IS_NOT_NULL" Value ="TRUE" />
         <Property Name ="IS_OVERRIDE_ATTR" Value ="FALSE" />
         <Property Name ="IS_PERSISTENT" Value ="TRUE" />
         <Property Name ="IS_QUERIABLE" Value ="TRUE" />
         <Property Name ="IS_SUPER_ATTR" Value ="FALSE" />
         <Property Name ="IS_UNIQUE" Value ="FALSE" />
         <Property Name ="IS_UPDATEABLE" Value ="UPDATEABLE" />
         <Property Name ="IS_VISIBLE" Value ="TRUE" />
         <Property Name ="MULTIPLICITY" Value ="1" />
         <Property Name ="OWNER_SCOPE" Value ="INSTANCE" />
         <Property Name ="VISIBILITY" Value ="PACKAGE" />
      </Data>
   </ViewAttribute>
   <ViewAttribute
      Name="Nmin"
      EntityAttrName="Nmin"
      EntityUsage="Grupos"
      AliasName="NMIN" >
      <Data>
         <Property Name ="ATTR_LOAD" Value ="LOAD_EACH" />
         <Property Name ="CHANGEABILITY" Value ="CHANGEABLE" />
         <Property Name ="ID" Value ="5881939c-012d-1000-802d-c0a89a807335::vistaswing.GruposView::ViewObjectAttribute" />
         <Property Name ="IS_NOT_NULL" Value ="TRUE" />
         <Property Name ="IS_OVERRIDE_ATTR" Value ="FALSE" />
         <Property Name ="IS_PERSISTENT" Value ="TRUE" />
         <Property Name ="IS_QUERIABLE" Value ="TRUE" />
         <Property Name ="IS_SUPER_ATTR" Value ="FALSE" />
         <Property Name ="IS_UNIQUE" Value ="FALSE" />
         <Property Name ="IS_UPDATEABLE" Value ="UPDATEABLE" />
         <Property Name ="IS_VISIBLE" Value ="TRUE" />
         <Property Name ="MULTIPLICITY" Value ="1" />
         <Property Name ="OWNER_SCOPE" Value ="INSTANCE" />
         <Property Name ="VISIBILITY" Value ="PACKAGE" />
      </Data>
   </ViewAttribute>
   <ViewAttribute
      Name="Nmax"
      EntityAttrName="Nmax"
      EntityUsage="Grupos"
      AliasName="NMAX" >
      <Data>
         <Property Name ="ATTR_LOAD" Value ="LOAD_EACH" />
         <Property Name ="CHANGEABILITY" Value ="CHANGEABLE" />
         <Property Name ="ID" Value ="5881939c-012d-1000-802e-c0a89a807335::vistaswing.GruposView::ViewObjectAttribute" />
         <Property Name ="IS_NOT_NULL" Value ="TRUE" />
         <Property Name ="IS_OVERRIDE_ATTR" Value ="FALSE" />
         <Property Name ="IS_PERSISTENT" Value ="TRUE" />
         <Property Name ="IS_QUERIABLE" Value ="TRUE" />
         <Property Name ="IS_SUPER_ATTR" Value ="FALSE" />
         <Property Name ="IS_UNIQUE" Value ="FALSE" />
         <Property Name ="IS_UPDATEABLE" Value ="UPDATEABLE" />
         <Property Name ="IS_VISIBLE" Value ="TRUE" />
         <Property Name ="MULTIPLICITY" Value ="1" />
         <Property Name ="OWNER_SCOPE" Value ="INSTANCE" />
         <Property Name ="VISIBILITY" Value ="PACKAGE" />
      </Data>
   </ViewAttribute>
</ViewObject>
