<?xml version='1.0' encoding='windows-1252' ?>
<!DOCTYPE Entity SYSTEM "jbo_03_01.dtd">

<Entity
   Name="Grupos"
   DBObjectType="table"
   DBObjectName="GRUPOS"
   AliasName="Grupos"
   BindingStyle="OracleName"
   UseGlueCode="false"
   RowClass="vistaswing.GruposImpl" >
   <Data>
      <Property Name ="COMPLETE_LIBRARY" Value ="FALSE" />
      <Property Name ="ID" Value ="58819245-012d-1000-8002-c0a89a807335::::EntityObject" />
      <Property Name ="IS_ABSTRACT" Value ="FALSE" />
      <Property Name ="IS_ACTIVE" Value ="FALSE" />
      <Property Name ="IS_LEAF" Value ="FALSE" />
      <Property Name ="IS_ROOT" Value ="FALSE" />
      <Property Name ="VISIBILITY" Value ="PUBLIC" />
   </Data>
   <DesignTime>
      <Attr Name="_isCodegen" Value="true" />
      <Attr Name="_version" Value="10.1.3.40.66" />
      <AttrArray Name="_publishEvents">
      </AttrArray>
      <Attr Name="_codeGenFlag2" Value="Access" />
   </DesignTime>
   <Attribute
      Name="Idgrupo"
      IsNotNull="true"
      ColumnName="IDGRUPO"
      Type="oracle.jbo.domain.Number"
      ColumnType="NUMBER"
      SQLType="NUMERIC"
      TableName="GRUPOS"
      PrimaryKey="true" >
      <Data>
         <Property Name ="CHANGEABILITY" Value ="CHANGEABLE" />
         <Property Name ="ID" Value ="58819254-012d-1000-8003-c0a89a807335::::EntityObjectAttribute" />
         <Property Name ="MULTIPLICITY" Value ="1" />
         <Property Name ="OWNER_SCOPE" Value ="INSTANCE" />
         <Property Name ="VISIBILITY" Value ="PACKAGE" />
      </Data>
      <DesignTime>
         <Attr Name="_DisplaySize" Value="22" />
      </DesignTime>
   </Attribute>
   <Attribute
      Name="Codigoinstalacion"
      IsNotNull="true"
      ColumnName="CODIGOINSTALACION"
      Type="oracle.jbo.domain.Number"
      ColumnType="NUMBER"
      SQLType="NUMERIC"
      TableName="GRUPOS" >
      <Data>
         <Property Name ="CHANGEABILITY" Value ="CHANGEABLE" />
         <Property Name ="ID" Value ="58819254-012d-1000-8004-c0a89a807335::::EntityObjectAttribute" />
         <Property Name ="MULTIPLICITY" Value ="1" />
         <Property Name ="OWNER_SCOPE" Value ="INSTANCE" />
         <Property Name ="VISIBILITY" Value ="PACKAGE" />
      </Data>
      <DesignTime>
         <Attr Name="_DisplaySize" Value="22" />
      </DesignTime>
   </Attribute>
   <Attribute
      Name="Cosactividad"
      IsNotNull="true"
      ColumnName="COSACTIVIDAD"
      Type="oracle.jbo.domain.Number"
      ColumnType="NUMBER"
      SQLType="NUMERIC"
      TableName="GRUPOS" >
      <Data>
         <Property Name ="CHANGEABILITY" Value ="CHANGEABLE" />
         <Property Name ="ID" Value ="58819254-012d-1000-8005-c0a89a807335::::EntityObjectAttribute" />
         <Property Name ="MULTIPLICITY" Value ="1" />
         <Property Name ="OWNER_SCOPE" Value ="INSTANCE" />
         <Property Name ="VISIBILITY" Value ="PACKAGE" />
      </Data>
      <DesignTime>
         <Attr Name="_DisplaySize" Value="22" />
      </DesignTime>
   </Attribute>
   <Attribute
      Name="Idmonitor"
      IsNotNull="true"
      ColumnName="IDMONITOR"
      Type="oracle.jbo.domain.Number"
      ColumnType="NUMBER"
      SQLType="NUMERIC"
      TableName="GRUPOS" >
      <Data>
         <Property Name ="CHANGEABILITY" Value ="CHANGEABLE" />
         <Property Name ="ID" Value ="58819254-012d-1000-8006-c0a89a807335::::EntityObjectAttribute" />
         <Property Name ="MULTIPLICITY" Value ="1" />
         <Property Name ="OWNER_SCOPE" Value ="INSTANCE" />
         <Property Name ="VISIBILITY" Value ="PACKAGE" />
      </Data>
      <DesignTime>
         <Attr Name="_DisplaySize" Value="22" />
      </DesignTime>
   </Attribute>
   <Attribute
      Name="Nombre"
      Precision="20"
      ColumnName="NOMBRE"
      Type="java.lang.String"
      ColumnType="VARCHAR2"
      SQLType="VARCHAR"
      TableName="GRUPOS" >
      <Data>
         <Property Name ="CHANGEABILITY" Value ="CHANGEABLE" />
         <Property Name ="ID" Value ="58819264-012d-1000-8007-c0a89a807335::::EntityObjectAttribute" />
         <Property Name ="MULTIPLICITY" Value ="1" />
         <Property Name ="OWNER_SCOPE" Value ="INSTANCE" />
         <Property Name ="VISIBILITY" Value ="PACKAGE" />
      </Data>
      <DesignTime>
         <Attr Name="_DisplaySize" Value="20" />
      </DesignTime>
   </Attribute>
   <Attribute
      Name="Horario"
      Precision="20"
      ColumnName="HORARIO"
      Type="java.lang.String"
      ColumnType="VARCHAR2"
      SQLType="VARCHAR"
      TableName="GRUPOS" >
      <Data>
         <Property Name ="CHANGEABILITY" Value ="CHANGEABLE" />
         <Property Name ="ID" Value ="58819264-012d-1000-8008-c0a89a807335::::EntityObjectAttribute" />
         <Property Name ="MULTIPLICITY" Value ="1" />
         <Property Name ="OWNER_SCOPE" Value ="INSTANCE" />
         <Property Name ="VISIBILITY" Value ="PACKAGE" />
      </Data>
      <DesignTime>
         <Attr Name="_DisplaySize" Value="20" />
      </DesignTime>
   </Attribute>
   <Attribute
      Name="Estado"
      Precision="1"
      ColumnName="ESTADO"
      Type="java.lang.String"
      ColumnType="CHAR"
      SQLType="CHAR"
      TableName="GRUPOS"
      RetrievedOnUpdate="true"
      RetrievedOnInsert="true" >
      <Data>
         <Property Name ="CHANGEABILITY" Value ="CHANGEABLE" />
         <Property Name ="ID" Value ="58819264-012d-1000-8009-c0a89a807335::::EntityObjectAttribute" />
         <Property Name ="MULTIPLICITY" Value ="1" />
         <Property Name ="OWNER_SCOPE" Value ="INSTANCE" />
         <Property Name ="VISIBILITY" Value ="PACKAGE" />
      </Data>
      <DesignTime>
         <Attr Name="_DisplaySize" Value="1" />
      </DesignTime>
   </Attribute>
   <Attribute
      Name="Precio"
      Precision="126"
      ColumnName="PRECIO"
      Type="oracle.jbo.domain.Number"
      ColumnType="NUMBER"
      SQLType="NUMERIC"
      TableName="GRUPOS" >
      <Data>
         <Property Name ="CHANGEABILITY" Value ="CHANGEABLE" />
         <Property Name ="ID" Value ="58819264-012d-1000-800a-c0a89a807335::::EntityObjectAttribute" />
         <Property Name ="MULTIPLICITY" Value ="1" />
         <Property Name ="OWNER_SCOPE" Value ="INSTANCE" />
         <Property Name ="VISIBILITY" Value ="PACKAGE" />
      </Data>
      <DesignTime>
         <Attr Name="_DisplaySize" Value="22" />
      </DesignTime>
   </Attribute>
   <Attribute
      Name="Nmin"
      ColumnName="NMIN"
      Type="oracle.jbo.domain.Number"
      ColumnType="NUMBER"
      SQLType="NUMERIC"
      TableName="GRUPOS" >
      <Data>
         <Property Name ="CHANGEABILITY" Value ="CHANGEABLE" />
         <Property Name ="ID" Value ="58819264-012d-1000-800b-c0a89a807335::::EntityObjectAttribute" />
         <Property Name ="MULTIPLICITY" Value ="1" />
         <Property Name ="OWNER_SCOPE" Value ="INSTANCE" />
         <Property Name ="VISIBILITY" Value ="PACKAGE" />
      </Data>
      <DesignTime>
         <Attr Name="_DisplaySize" Value="22" />
      </DesignTime>
   </Attribute>
   <Attribute
      Name="Nmax"
      ColumnName="NMAX"
      Type="oracle.jbo.domain.Number"
      ColumnType="NUMBER"
      SQLType="NUMERIC"
      TableName="GRUPOS" >
      <Data>
         <Property Name ="CHANGEABILITY" Value ="CHANGEABLE" />
         <Property Name ="ID" Value ="58819264-012d-1000-800c-c0a89a807335::::EntityObjectAttribute" />
         <Property Name ="MULTIPLICITY" Value ="1" />
         <Property Name ="OWNER_SCOPE" Value ="INSTANCE" />
         <Property Name ="VISIBILITY" Value ="PACKAGE" />
      </Data>
      <DesignTime>
         <Attr Name="_DisplaySize" Value="22" />
      </DesignTime>
   </Attribute>
   <AccessorAttribute
      Name="Monitores"
      Association="vistaswing.Monitores_Grupos"
      AssociationEnd="vistaswing.Monitores_Grupos.Monitores"
      AssociationOtherEnd="vistaswing.Monitores_Grupos.Grupos"
      Type="vistaswing.MonitoresImpl" >
   </AccessorAttribute>
   <Key
      Name="SysC004086" >
      <AttrArray Name="Attributes">
         <Item Value="vistaswing.Grupos.Idgrupo" />
      </AttrArray>
      <DesignTime>
         <Attr Name="_checkCondition" Value="&#34;IDGRUPO&#34; IS NOT NULL" />
         <Attr Name="_isCheck" Value="true" />
         <Attr Name="_DBObjectName" Value="SYS_C004086" />
      </DesignTime>
   </Key>
   <Key
      Name="SysC004087" >
      <AttrArray Name="Attributes">
         <Item Value="vistaswing.Grupos.Codigoinstalacion" />
      </AttrArray>
      <DesignTime>
         <Attr Name="_checkCondition" Value="&#34;CODIGOINSTALACION&#34; IS NOT NULL" />
         <Attr Name="_isCheck" Value="true" />
         <Attr Name="_DBObjectName" Value="SYS_C004087" />
      </DesignTime>
   </Key>
   <Key
      Name="SysC004088" >
      <AttrArray Name="Attributes">
         <Item Value="vistaswing.Grupos.Cosactividad" />
      </AttrArray>
      <DesignTime>
         <Attr Name="_checkCondition" Value="&#34;COSACTIVIDAD&#34; IS NOT NULL" />
         <Attr Name="_isCheck" Value="true" />
         <Attr Name="_DBObjectName" Value="SYS_C004088" />
      </DesignTime>
   </Key>
   <Key
      Name="SysC004089" >
      <AttrArray Name="Attributes">
         <Item Value="vistaswing.Grupos.Idmonitor" />
      </AttrArray>
      <DesignTime>
         <Attr Name="_checkCondition" Value="&#34;IDMONITOR&#34; IS NOT NULL" />
         <Attr Name="_isCheck" Value="true" />
         <Attr Name="_DBObjectName" Value="SYS_C004089" />
      </DesignTime>
   </Key>
   <Key
      Name="SysC004090" >
      <AttrArray Name="Attributes">
         <Item Value="vistaswing.Grupos.Idgrupo" />
      </AttrArray>
      <DesignTime>
         <Attr Name="_isPrimary" Value="true" />
         <Attr Name="_DBObjectName" Value="SYS_C004090" />
      </DesignTime>
   </Key>
   <Key
      Name="SysC004095" >
      <AttrArray Name="Attributes">
         <Item Value="vistaswing.Grupos.Codigoinstalacion" />
      </AttrArray>
      <DesignTime>
         <Attr Name="_referencedKey" Value="SYS_C004081" />
         <Attr Name="_isInitiallyDeferredConstraint" Value="true" />
         <Attr Name="_isForeign" Value="true" />
         <Attr Name="_isDeferrableConstraint" Value="true" />
         <Attr Name="_DBObjectName" Value="SYS_C004095" />
      </DesignTime>
   </Key>
   <Key
      Name="SysC004096" >
      <AttrArray Name="Attributes">
         <Item Value="vistaswing.Grupos.Idmonitor" />
      </AttrArray>
      <DesignTime>
         <Attr Name="_referencedKey" Value="SYS_C004083" />
         <Attr Name="_isInitiallyDeferredConstraint" Value="true" />
         <Attr Name="_isForeign" Value="true" />
         <Attr Name="_isDeferrableConstraint" Value="true" />
         <Attr Name="_DBObjectName" Value="SYS_C004096" />
      </DesignTime>
   </Key>
   <Key
      Name="SysC004097" >
      <AttrArray Name="Attributes">
         <Item Value="vistaswing.Grupos.Cosactividad" />
      </AttrArray>
      <DesignTime>
         <Attr Name="_referencedKey" Value="SYS_C004085" />
         <Attr Name="_isInitiallyDeferredConstraint" Value="true" />
         <Attr Name="_isForeign" Value="true" />
         <Attr Name="_isDeferrableConstraint" Value="true" />
         <Attr Name="_DBObjectName" Value="SYS_C004097" />
      </DesignTime>
   </Key>
</Entity>
