<?xml version='1.0' encoding='windows-1252' ?>
<!DOCTYPE Association SYSTEM "jbo_03_01.dtd">

<Association
   Name="Monitores_Grupos" >
   <Data>
      <Property Name ="ID" Value ="58819264-012d-1000-800d-c0a89a807335::::BC4JAssociation" />
      <Property Name ="IS_ABSTRACT" Value ="FALSE" />
      <Property Name ="IS_LEAF" Value ="FALSE" />
      <Property Name ="IS_ROOT" Value ="FALSE" />
   </Data>
   <DesignTime>
      <Attr Name="_isCodegen" Value="true" />
      <Attr Name="_version" Value="10.1.3.40.66" />
   </DesignTime>
   <AssociationEnd
      Name="Monitores"
      Cardinality="1"
      Source="true"
      Owner="vistaswing.Monitores" >
      <Data>
         <Property Name ="ID" Value ="58819273-012d-1000-800e-c0a89a807335::::BC4JAssociationEnd" />
         <Property Name ="SCOPE" Value ="INSTANCE" />
         <Property Name ="SEQUENCE" Value ="10" />
         <Property Name ="VISIBILITY" Value ="PROTECTED" />
      </Data>
      <AttrArray Name="Attributes">
         <Item Value="vistaswing.Monitores.Idmonitor" />
      </AttrArray>
      <DesignTime>
         <Attr Name="_finderName" Value="Monitores" />
         <Attr Name="_aggregation" Value="0" />
         <Attr Name="_foreignKey" Value="vistaswing.Monitores.SysC004083" />
         <Attr Name="_minCardinality" Value="1" />
         <Attr Name="_isUpdateable" Value="true" />
      </DesignTime>
   </AssociationEnd>
   <AssociationEnd
      Name="Grupos"
      Cardinality="-1"
      Owner="vistaswing.Grupos" >
      <Data>
         <Property Name ="ID" Value ="58819283-012d-1000-800f-c0a89a807335::::BC4JAssociationEnd" />
         <Property Name ="SCOPE" Value ="INSTANCE" />
         <Property Name ="SEQUENCE" Value ="0" />
         <Property Name ="VISIBILITY" Value ="PROTECTED" />
      </Data>
      <AttrArray Name="Attributes">
         <Item Value="vistaswing.Grupos.Idmonitor" />
      </AttrArray>
      <DesignTime>
         <Attr Name="_finderName" Value="Grupos" />
         <Attr Name="_aggregation" Value="0" />
         <Attr Name="_foreignKey" Value="vistaswing.Grupos.SysC004096" />
         <Attr Name="_isUpdateable" Value="true" />
      </DesignTime>
   </AssociationEnd>
</Association>
