<?xml version='1.0' encoding='windows-1252' ?>
<!DOCTYPE ViewLink SYSTEM "jbo_03_01.dtd">

<ViewLink
   Name="Monitores_Grupos_Link"
   EntityAssociation="vistaswing.Monitores_Grupos" >
   <Data>
      <Property Name ="ID" Value ="588193ac-012d-1000-8030-c0a89a807335::::ViewLink" />
      <Property Name ="IS_ABSTRACT" Value ="FALSE" />
      <Property Name ="IS_LEAF" Value ="FALSE" />
      <Property Name ="IS_ROOT" Value ="FALSE" />
   </Data>
   <DesignTime>
      <Attr Name="_isCodegen" Value="true" />
      <Attr Name="_version" Value="10.1.3.40.66" />
   </DesignTime>
   <ViewLinkDefEnd
      Name="MonitoresView"
      Cardinality="1"
      Owner="vistaswing.MonitoresView"
      Source="true" >
      <Data>
         <Property Name ="ENTITY_ACCESSOR" Value ="TRUE" />
         <Property Name ="ID" Value ="588193ac-012d-1000-8031-c0a89a807335::::ViewLinkEnd" />
         <Property Name ="SCOPE" Value ="INSTANCE" />
         <Property Name ="SEQUENCE" Value ="0" />
         <Property Name ="VISIBILITY" Value ="PROTECTED" />
      </Data>
      <AttrArray Name="Attributes">
         <Item Value="vistaswing.MonitoresView.Idmonitor" />
      </AttrArray>
      <DesignTime>
         <Attr Name="_minCardinality" Value="1" />
         <Attr Name="_isUpdateable" Value="true" />
      </DesignTime>
   </ViewLinkDefEnd>
   <ViewLinkDefEnd
      Name="GruposView"
      Cardinality="-1"
      Owner="vistaswing.GruposView" >
      <Data>
         <Property Name ="ENTITY_ACCESSOR" Value ="TRUE" />
         <Property Name ="ID" Value ="588193ea-012d-1000-8034-c0a89a807335::::ViewLinkEnd" />
         <Property Name ="SCOPE" Value ="INSTANCE" />
         <Property Name ="SEQUENCE" Value ="10" />
         <Property Name ="VISIBILITY" Value ="PROTECTED" />
      </Data>
      <AttrArray Name="Attributes">
         <Item Value="vistaswing.GruposView.Idmonitor" />
      </AttrArray>
      <DesignTime>
         <Attr Name="_finderName" Value="GruposView" />
         <Attr Name="_isUpdateable" Value="true" />
      </DesignTime>
   </ViewLinkDefEnd>
</ViewLink>
