<?xml version='1.0' encoding='windows-1252' ?>
<!DOCTYPE Entity SYSTEM "jbo_03_01.dtd">

<Entity
   Name="Monitores"
   DBObjectType="table"
   DBObjectName="MONITORES"
   AliasName="Monitores"
   BindingStyle="OracleName"
   UseGlueCode="false"
   RowClass="vistaswing.MonitoresImpl" >
   <Data>
      <Property Name ="COMPLETE_LIBRARY" Value ="FALSE" />
      <Property Name ="ID" Value ="5881933f-012d-1000-801a-c0a89a807335::::EntityObject" />
      <Property Name ="IS_ABSTRACT" Value ="FALSE" />
      <Property Name ="IS_ACTIVE" Value ="FALSE" />
      <Property Name ="IS_LEAF" Value ="FALSE" />
      <Property Name ="IS_ROOT" Value ="FALSE" />
      <Property Name ="VISIBILITY" Value ="PUBLIC" />
   </Data>
   <DesignTime>
      <Attr Name="_isCodegen" Value="true" />
      <Attr Name="_version" Value="10.1.3.40.66" />
      <AttrArray Name="_publishEvents">
      </AttrArray>
      <Attr Name="_codeGenFlag2" Value="Access" />
   </DesignTime>
   <Attribute
      Name="Idmonitor"
      IsNotNull="true"
      ColumnName="IDMONITOR"
      Type="oracle.jbo.domain.Number"
      ColumnType="NUMBER"
      SQLType="NUMERIC"
      TableName="MONITORES"
      PrimaryKey="true" >
      <Data>
         <Property Name ="CHANGEABILITY" Value ="CHANGEABLE" />
         <Property Name ="ID" Value ="5881933f-012d-1000-801b-c0a89a807335::::EntityObjectAttribute" />
         <Property Name ="MULTIPLICITY" Value ="1" />
         <Property Name ="OWNER_SCOPE" Value ="INSTANCE" />
         <Property Name ="VISIBILITY" Value ="PACKAGE" />
      </Data>
      <DesignTime>
         <Attr Name="_DisplaySize" Value="22" />
      </DesignTime>
   </Attribute>
   <Attribute
      Name="Nombre"
      Precision="20"
      ColumnName="NOMBRE"
      Type="java.lang.String"
      ColumnType="VARCHAR2"
      SQLType="VARCHAR"
      TableName="MONITORES" >
      <Data>
         <Property Name ="CHANGEABILITY" Value ="CHANGEABLE" />
         <Property Name ="ID" Value ="5881933f-012d-1000-801c-c0a89a807335::::EntityObjectAttribute" />
         <Property Name ="MULTIPLICITY" Value ="1" />
         <Property Name ="OWNER_SCOPE" Value ="INSTANCE" />
         <Property Name ="VISIBILITY" Value ="PACKAGE" />
      </Data>
      <DesignTime>
         <Attr Name="_DisplaySize" Value="20" />
      </DesignTime>
   </Attribute>
   <Attribute
      Name="Apellidos"
      Precision="30"
      ColumnName="APELLIDOS"
      Type="java.lang.String"
      ColumnType="VARCHAR2"
      SQLType="VARCHAR"
      TableName="MONITORES" >
      <Data>
         <Property Name ="CHANGEABILITY" Value ="CHANGEABLE" />
         <Property Name ="ID" Value ="5881933f-012d-1000-801d-c0a89a807335::::EntityObjectAttribute" />
         <Property Name ="MULTIPLICITY" Value ="1" />
         <Property Name ="OWNER_SCOPE" Value ="INSTANCE" />
         <Property Name ="VISIBILITY" Value ="PACKAGE" />
      </Data>
      <DesignTime>
         <Attr Name="_DisplaySize" Value="30" />
      </DesignTime>
   </Attribute>
   <Attribute
      Name="Dni"
      Precision="10"
      ColumnName="DNI"
      Type="java.lang.String"
      ColumnType="VARCHAR2"
      SQLType="VARCHAR"
      TableName="MONITORES" >
      <Data>
         <Property Name ="CHANGEABILITY" Value ="CHANGEABLE" />
         <Property Name ="ID" Value ="5881933f-012d-1000-801e-c0a89a807335::::EntityObjectAttribute" />
         <Property Name ="MULTIPLICITY" Value ="1" />
         <Property Name ="OWNER_SCOPE" Value ="INSTANCE" />
         <Property Name ="VISIBILITY" Value ="PACKAGE" />
      </Data>
      <DesignTime>
         <Attr Name="_DisplaySize" Value="10" />
      </DesignTime>
   </Attribute>
   <Attribute
      Name="Domicilio"
      Precision="30"
      ColumnName="DOMICILIO"
      Type="java.lang.String"
      ColumnType="VARCHAR2"
      SQLType="VARCHAR"
      TableName="MONITORES" >
      <Data>
         <Property Name ="CHANGEABILITY" Value ="CHANGEABLE" />
         <Property Name ="ID" Value ="5881933f-012d-1000-801f-c0a89a807335::::EntityObjectAttribute" />
         <Property Name ="MULTIPLICITY" Value ="1" />
         <Property Name ="OWNER_SCOPE" Value ="INSTANCE" />
         <Property Name ="VISIBILITY" Value ="PACKAGE" />
      </Data>
      <DesignTime>
         <Attr Name="_DisplaySize" Value="30" />
      </DesignTime>
   </Attribute>
   <Attribute
      Name="Poblacion"
      Precision="20"
      ColumnName="POBLACION"
      Type="java.lang.String"
      ColumnType="VARCHAR2"
      SQLType="VARCHAR"
      TableName="MONITORES" >
      <Data>
         <Property Name ="CHANGEABILITY" Value ="CHANGEABLE" />
         <Property Name ="ID" Value ="5881934e-012d-1000-8020-c0a89a807335::::EntityObjectAttribute" />
         <Property Name ="MULTIPLICITY" Value ="1" />
         <Property Name ="OWNER_SCOPE" Value ="INSTANCE" />
         <Property Name ="VISIBILITY" Value ="PACKAGE" />
      </Data>
      <DesignTime>
         <Attr Name="_DisplaySize" Value="20" />
      </DesignTime>
   </Attribute>
   <Attribute
      Name="Telefono"
      Precision="30"
      ColumnName="TELEFONO"
      Type="java.lang.String"
      ColumnType="VARCHAR2"
      SQLType="VARCHAR"
      TableName="MONITORES" >
      <Data>
         <Property Name ="CHANGEABILITY" Value ="CHANGEABLE" />
         <Property Name ="ID" Value ="5881934e-012d-1000-8021-c0a89a807335::::EntityObjectAttribute" />
         <Property Name ="MULTIPLICITY" Value ="1" />
         <Property Name ="OWNER_SCOPE" Value ="INSTANCE" />
         <Property Name ="VISIBILITY" Value ="PACKAGE" />
      </Data>
      <DesignTime>
         <Attr Name="_DisplaySize" Value="30" />
      </DesignTime>
   </Attribute>
   <Attribute
      Name="Titulacion"
      Precision="20"
      ColumnName="TITULACION"
      Type="java.lang.String"
      ColumnType="VARCHAR2"
      SQLType="VARCHAR"
      TableName="MONITORES" >
      <Data>
         <Property Name ="CHANGEABILITY" Value ="CHANGEABLE" />
         <Property Name ="ID" Value ="5881934e-012d-1000-8022-c0a89a807335::::EntityObjectAttribute" />
         <Property Name ="MULTIPLICITY" Value ="1" />
         <Property Name ="OWNER_SCOPE" Value ="INSTANCE" />
         <Property Name ="VISIBILITY" Value ="PACKAGE" />
      </Data>
      <DesignTime>
         <Attr Name="_DisplaySize" Value="20" />
      </DesignTime>
   </Attribute>
   <Attribute
      Name="Cargo"
      Precision="20"
      ColumnName="CARGO"
      Type="java.lang.String"
      ColumnType="VARCHAR2"
      SQLType="VARCHAR"
      TableName="MONITORES" >
      <Data>
         <Property Name ="CHANGEABILITY" Value ="CHANGEABLE" />
         <Property Name ="ID" Value ="5881934e-012d-1000-8023-c0a89a807335::::EntityObjectAttribute" />
         <Property Name ="MULTIPLICITY" Value ="1" />
         <Property Name ="OWNER_SCOPE" Value ="INSTANCE" />
         <Property Name ="VISIBILITY" Value ="PACKAGE" />
      </Data>
      <DesignTime>
         <Attr Name="_DisplaySize" Value="20" />
      </DesignTime>
   </Attribute>
   <AccessorAttribute
      Name="Grupos"
      Association="vistaswing.Monitores_Grupos"
      AssociationEnd="vistaswing.Monitores_Grupos.Grupos"
      AssociationOtherEnd="vistaswing.Monitores_Grupos.Monitores"
      Type="oracle.jbo.RowIterator"
      IsUpdateable="false" >
   </AccessorAttribute>
   <Key
      Name="SysC004082" >
      <AttrArray Name="Attributes">
         <Item Value="vistaswing.Monitores.Idmonitor" />
      </AttrArray>
      <DesignTime>
         <Attr Name="_checkCondition" Value="&#34;IDMONITOR&#34; IS NOT NULL" />
         <Attr Name="_isCheck" Value="true" />
         <Attr Name="_DBObjectName" Value="SYS_C004082" />
      </DesignTime>
   </Key>
   <Key
      Name="SysC004083" >
      <AttrArray Name="Attributes">
         <Item Value="vistaswing.Monitores.Idmonitor" />
      </AttrArray>
      <DesignTime>
         <Attr Name="_isPrimary" Value="true" />
         <Attr Name="_DBObjectName" Value="SYS_C004083" />
      </DesignTime>
   </Key>
</Entity>
