<?xml version='1.0' encoding='windows-1252' ?>
<!DOCTYPE ViewObject SYSTEM "jbo_03_01.dtd">

<ViewObject
   Name="MonitoresView"
   SelectList="Monitores.IDMONITOR, 
       Monitores.NOMBRE, 
       Monitores.APELLIDOS, 
       Monitores.DNI, 
       Monitores.DOMICILIO, 
       Monitores.POBLACION, 
       Monitores.TELEFONO, 
       Monitores.TITULACION, 
       Monitores.CARGO"
   FromList="MONITORES Monitores"
   BindingStyle="OracleName"
   CustomQuery="false"
   ComponentClass="vistaswing.MonitoresViewImpl"
   UseGlueCode="false" >
   <Data>
      <Property Name ="COMPLETE_LIBRARY" Value ="FALSE" />
      <Property Name ="ID" Value ="5881940a-012d-1000-8041-c0a89a807335::::ViewObject" />
      <Property Name ="IS_ABSTRACT" Value ="FALSE" />
      <Property Name ="IS_ACTIVE" Value ="FALSE" />
      <Property Name ="IS_LEAF" Value ="FALSE" />
      <Property Name ="IS_ROOT" Value ="FALSE" />
      <Property Name ="VISIBILITY" Value ="PUBLIC" />
   </Data>
   <DesignTime>
      <Attr Name="_version" Value="10.1.3.40.66" />
      <Attr Name="_codeGenFlag2" Value="Access|Coll|VarAccess" />
   </DesignTime>
   <EntityUsage
      Name="Monitores"
      Entity="vistaswing.Monitores" >
      <Data>
         <Property Name ="COMPLETE_LIBRARY" Value ="FALSE" />
         <Property Name ="ID" Value ="58819419-012d-1000-804b-c0a89a807335::vistaswing.MonitoresView$Monitores::EntityObjectInstance" />
         <Property Name ="IS_ABSTRACT" Value ="FALSE" />
         <Property Name ="IS_ACTIVE" Value ="FALSE" />
         <Property Name ="IS_LEAF" Value ="FALSE" />
         <Property Name ="IS_ROOT" Value ="FALSE" />
         <Property Name ="VISIBILITY" Value ="PUBLIC" />
      </Data>
      <DesignTime>
         <Attr Name="_queryClause" Value="false" />
      </DesignTime>
   </EntityUsage>
   <ViewAttribute
      Name="Idmonitor"
      IsNotNull="true"
      EntityAttrName="Idmonitor"
      EntityUsage="Monitores"
      AliasName="IDMONITOR" >
      <Data>
         <Property Name ="ATTR_LOAD" Value ="LOAD_EACH" />
         <Property Name ="CHANGEABILITY" Value ="CHANGEABLE" />
         <Property Name ="ID" Value ="5881940a-012d-1000-8042-c0a89a807335::vistaswing.MonitoresView::ViewObjectAttribute" />
         <Property Name ="IS_NOT_NULL" Value ="TRUE" />
         <Property Name ="IS_OVERRIDE_ATTR" Value ="FALSE" />
         <Property Name ="IS_PERSISTENT" Value ="TRUE" />
         <Property Name ="IS_QUERIABLE" Value ="TRUE" />
         <Property Name ="IS_SUPER_ATTR" Value ="FALSE" />
         <Property Name ="IS_UNIQUE" Value ="FALSE" />
         <Property Name ="IS_UPDATEABLE" Value ="UPDATEABLE" />
         <Property Name ="IS_VISIBLE" Value ="TRUE" />
         <Property Name ="MULTIPLICITY" Value ="1" />
         <Property Name ="OWNER_SCOPE" Value ="INSTANCE" />
         <Property Name ="VISIBILITY" Value ="PACKAGE" />
      </Data>
   </ViewAttribute>
   <ViewAttribute
      Name="Nombre"
      EntityAttrName="Nombre"
      EntityUsage="Monitores"
      AliasName="NOMBRE" >
      <Data>
         <Property Name ="ATTR_LOAD" Value ="LOAD_EACH" />
         <Property Name ="CHANGEABILITY" Value ="CHANGEABLE" />
         <Property Name ="ID" Value ="5881940a-012d-1000-8043-c0a89a807335::vistaswing.MonitoresView::ViewObjectAttribute" />
         <Property Name ="IS_NOT_NULL" Value ="TRUE" />
         <Property Name ="IS_OVERRIDE_ATTR" Value ="FALSE" />
         <Property Name ="IS_PERSISTENT" Value ="TRUE" />
         <Property Name ="IS_QUERIABLE" Value ="TRUE" />
         <Property Name ="IS_SUPER_ATTR" Value ="FALSE" />
         <Property Name ="IS_UNIQUE" Value ="FALSE" />
         <Property Name ="IS_UPDATEABLE" Value ="UPDATEABLE" />
         <Property Name ="IS_VISIBLE" Value ="TRUE" />
         <Property Name ="MULTIPLICITY" Value ="1" />
         <Property Name ="OWNER_SCOPE" Value ="INSTANCE" />
         <Property Name ="VISIBILITY" Value ="PACKAGE" />
      </Data>
   </ViewAttribute>
   <ViewAttribute
      Name="Apellidos"
      EntityAttrName="Apellidos"
      EntityUsage="Monitores"
      AliasName="APELLIDOS" >
      <Data>
         <Property Name ="ATTR_LOAD" Value ="LOAD_EACH" />
         <Property Name ="CHANGEABILITY" Value ="CHANGEABLE" />
         <Property Name ="ID" Value ="5881940a-012d-1000-8044-c0a89a807335::vistaswing.MonitoresView::ViewObjectAttribute" />
         <Property Name ="IS_NOT_NULL" Value ="TRUE" />
         <Property Name ="IS_OVERRIDE_ATTR" Value ="FALSE" />
         <Property Name ="IS_PERSISTENT" Value ="TRUE" />
         <Property Name ="IS_QUERIABLE" Value ="TRUE" />
         <Property Name ="IS_SUPER_ATTR" Value ="FALSE" />
         <Property Name ="IS_UNIQUE" Value ="FALSE" />
         <Property Name ="IS_UPDATEABLE" Value ="UPDATEABLE" />
         <Property Name ="IS_VISIBLE" Value ="TRUE" />
         <Property Name ="MULTIPLICITY" Value ="1" />
         <Property Name ="OWNER_SCOPE" Value ="INSTANCE" />
         <Property Name ="VISIBILITY" Value ="PACKAGE" />
      </Data>
   </ViewAttribute>
   <ViewAttribute
      Name="Dni"
      EntityAttrName="Dni"
      EntityUsage="Monitores"
      AliasName="DNI" >
      <Data>
         <Property Name ="ATTR_LOAD" Value ="LOAD_EACH" />
         <Property Name ="CHANGEABILITY" Value ="CHANGEABLE" />
         <Property Name ="ID" Value ="5881940a-012d-1000-8045-c0a89a807335::vistaswing.MonitoresView::ViewObjectAttribute" />
         <Property Name ="IS_NOT_NULL" Value ="TRUE" />
         <Property Name ="IS_OVERRIDE_ATTR" Value ="FALSE" />
         <Property Name ="IS_PERSISTENT" Value ="TRUE" />
         <Property Name ="IS_QUERIABLE" Value ="TRUE" />
         <Property Name ="IS_SUPER_ATTR" Value ="FALSE" />
         <Property Name ="IS_UNIQUE" Value ="FALSE" />
         <Property Name ="IS_UPDATEABLE" Value ="UPDATEABLE" />
         <Property Name ="IS_VISIBLE" Value ="TRUE" />
         <Property Name ="MULTIPLICITY" Value ="1" />
         <Property Name ="OWNER_SCOPE" Value ="INSTANCE" />
         <Property Name ="VISIBILITY" Value ="PACKAGE" />
      </Data>
   </ViewAttribute>
   <ViewAttribute
      Name="Domicilio"
      EntityAttrName="Domicilio"
      EntityUsage="Monitores"
      AliasName="DOMICILIO" >
      <Data>
         <Property Name ="ATTR_LOAD" Value ="LOAD_EACH" />
         <Property Name ="CHANGEABILITY" Value ="CHANGEABLE" />
         <Property Name ="ID" Value ="5881940a-012d-1000-8046-c0a89a807335::vistaswing.MonitoresView::ViewObjectAttribute" />
         <Property Name ="IS_NOT_NULL" Value ="TRUE" />
         <Property Name ="IS_OVERRIDE_ATTR" Value ="FALSE" />
         <Property Name ="IS_PERSISTENT" Value ="TRUE" />
         <Property Name ="IS_QUERIABLE" Value ="TRUE" />
         <Property Name ="IS_SUPER_ATTR" Value ="FALSE" />
         <Property Name ="IS_UNIQUE" Value ="FALSE" />
         <Property Name ="IS_UPDATEABLE" Value ="UPDATEABLE" />
         <Property Name ="IS_VISIBLE" Value ="TRUE" />
         <Property Name ="MULTIPLICITY" Value ="1" />
         <Property Name ="OWNER_SCOPE" Value ="INSTANCE" />
         <Property Name ="VISIBILITY" Value ="PACKAGE" />
      </Data>
   </ViewAttribute>
   <ViewAttribute
      Name="Poblacion"
      EntityAttrName="Poblacion"
      EntityUsage="Monitores"
      AliasName="POBLACION" >
      <Data>
         <Property Name ="ATTR_LOAD" Value ="LOAD_EACH" />
         <Property Name ="CHANGEABILITY" Value ="CHANGEABLE" />
         <Property Name ="ID" Value ="5881940a-012d-1000-8047-c0a89a807335::vistaswing.MonitoresView::ViewObjectAttribute" />
         <Property Name ="IS_NOT_NULL" Value ="TRUE" />
         <Property Name ="IS_OVERRIDE_ATTR" Value ="FALSE" />
         <Property Name ="IS_PERSISTENT" Value ="TRUE" />
         <Property Name ="IS_QUERIABLE" Value ="TRUE" />
         <Property Name ="IS_SUPER_ATTR" Value ="FALSE" />
         <Property Name ="IS_UNIQUE" Value ="FALSE" />
         <Property Name ="IS_UPDATEABLE" Value ="UPDATEABLE" />
         <Property Name ="IS_VISIBLE" Value ="TRUE" />
         <Property Name ="MULTIPLICITY" Value ="1" />
         <Property Name ="OWNER_SCOPE" Value ="INSTANCE" />
         <Property Name ="VISIBILITY" Value ="PACKAGE" />
      </Data>
   </ViewAttribute>
   <ViewAttribute
      Name="Telefono"
      EntityAttrName="Telefono"
      EntityUsage="Monitores"
      AliasName="TELEFONO" >
      <Data>
         <Property Name ="ATTR_LOAD" Value ="LOAD_EACH" />
         <Property Name ="CHANGEABILITY" Value ="CHANGEABLE" />
         <Property Name ="ID" Value ="5881940a-012d-1000-8048-c0a89a807335::vistaswing.MonitoresView::ViewObjectAttribute" />
         <Property Name ="IS_NOT_NULL" Value ="TRUE" />
         <Property Name ="IS_OVERRIDE_ATTR" Value ="FALSE" />
         <Property Name ="IS_PERSISTENT" Value ="TRUE" />
         <Property Name ="IS_QUERIABLE" Value ="TRUE" />
         <Property Name ="IS_SUPER_ATTR" Value ="FALSE" />
         <Property Name ="IS_UNIQUE" Value ="FALSE" />
         <Property Name ="IS_UPDATEABLE" Value ="UPDATEABLE" />
         <Property Name ="IS_VISIBLE" Value ="TRUE" />
         <Property Name ="MULTIPLICITY" Value ="1" />
         <Property Name ="OWNER_SCOPE" Value ="INSTANCE" />
         <Property Name ="VISIBILITY" Value ="PACKAGE" />
      </Data>
   </ViewAttribute>
   <ViewAttribute
      Name="Titulacion"
      EntityAttrName="Titulacion"
      EntityUsage="Monitores"
      AliasName="TITULACION" >
      <Data>
         <Property Name ="ATTR_LOAD" Value ="LOAD_EACH" />
         <Property Name ="CHANGEABILITY" Value ="CHANGEABLE" />
         <Property Name ="ID" Value ="58819419-012d-1000-8049-c0a89a807335::vistaswing.MonitoresView::ViewObjectAttribute" />
         <Property Name ="IS_NOT_NULL" Value ="TRUE" />
         <Property Name ="IS_OVERRIDE_ATTR" Value ="FALSE" />
         <Property Name ="IS_PERSISTENT" Value ="TRUE" />
         <Property Name ="IS_QUERIABLE" Value ="TRUE" />
         <Property Name ="IS_SUPER_ATTR" Value ="FALSE" />
         <Property Name ="IS_UNIQUE" Value ="FALSE" />
         <Property Name ="IS_UPDATEABLE" Value ="UPDATEABLE" />
         <Property Name ="IS_VISIBLE" Value ="TRUE" />
         <Property Name ="MULTIPLICITY" Value ="1" />
         <Property Name ="OWNER_SCOPE" Value ="INSTANCE" />
         <Property Name ="VISIBILITY" Value ="PACKAGE" />
      </Data>
   </ViewAttribute>
   <ViewAttribute
      Name="Cargo"
      EntityAttrName="Cargo"
      EntityUsage="Monitores"
      AliasName="CARGO" >
      <Data>
         <Property Name ="ATTR_LOAD" Value ="LOAD_EACH" />
         <Property Name ="CHANGEABILITY" Value ="CHANGEABLE" />
         <Property Name ="ID" Value ="58819419-012d-1000-804a-c0a89a807335::vistaswing.MonitoresView::ViewObjectAttribute" />
         <Property Name ="IS_NOT_NULL" Value ="TRUE" />
         <Property Name ="IS_OVERRIDE_ATTR" Value ="FALSE" />
         <Property Name ="IS_PERSISTENT" Value ="TRUE" />
         <Property Name ="IS_QUERIABLE" Value ="TRUE" />
         <Property Name ="IS_SUPER_ATTR" Value ="FALSE" />
         <Property Name ="IS_UNIQUE" Value ="FALSE" />
         <Property Name ="IS_UPDATEABLE" Value ="UPDATEABLE" />
         <Property Name ="IS_VISIBLE" Value ="TRUE" />
         <Property Name ="MULTIPLICITY" Value ="1" />
         <Property Name ="OWNER_SCOPE" Value ="INSTANCE" />
         <Property Name ="VISIBILITY" Value ="PACKAGE" />
      </Data>
   </ViewAttribute>
   <ViewLinkAccessor
      Name="GruposView"
      ViewLink="vistaswing.Monitores_Grupos_Link"
      Type="oracle.jbo.RowIterator"
      IsUpdateable="false" >
   </ViewLinkAccessor>
</ViewObject>
