<?xml version='1.0' encoding='windows-1252' ?>
<!DOCTYPE JboPackage SYSTEM "jbo_03_01.dtd">

<JboPackage
   Name="vistaswing"
   SeparateXMLFiles="true"
   PackageName="vistaswing" >
   <Data>
      <Property Name ="ID" Value ="5a8b401d-012d-1000-8007-c0a89a802192::::BC4JPackage" />
      <Property Name ="NAMESPACE_REFERENCE" Value ="1001::::BC4JContainer" />
   </Data>
   <DesignTime>
      <Attr Name="_ejbPackage" Value="false" />
      <Attr Name="_version" Value="10.1.3.40.66" />
   </DesignTime>
   <Containee
      Name="AppVistaSwing"
      FullName="vistaswing.AppVistaSwing"
      ObjectType="AppModule" >
   </Containee>
   <Containee
      Name="Grupos"
      FullName="vistaswing.Grupos"
      ObjectType="Entity" >
   </Containee>
   <Containee
      Name="GruposView"
      FullName="vistaswing.GruposView"
      ObjectType="ViewObject" >
   </Containee>
   <Containee
      Name="Monitores"
      FullName="vistaswing.Monitores"
      ObjectType="Entity" >
   </Containee>
   <Containee
      Name="Monitores_Grupos"
      FullName="vistaswing.Monitores_Grupos"
      ObjectType="Association" >
   </Containee>
   <Containee
      Name="Monitores_Grupos_Link"
      FullName="vistaswing.Monitores_Grupos_Link"
      ObjectType="ViewLink" >
   </Containee>
   <Containee
      Name="MonitoresView"
      FullName="vistaswing.MonitoresView"
      ObjectType="ViewObject" >
   </Containee>
</JboPackage>
