<?xml version="1.0" encoding="UTF-8"?>
<!DOCTYPE toc PUBLIC "-//Sun Microsystems Inc.//DTD JavaHelp TOC Version 1.0//EN" "http://java.sun.com/products/javahelp/toc_2_0.dtd">

<!--<toc version="2.0">-->
<toc version="2.0" topicimage="documento">
 <tocitem text="Generador de Informes">
   <tocitem text="Introducción" target="index"/>
   <tocitem text="Tipos de informes" target="tiposInforme">
	   <tocitem text="Informe Elaborado" target="extractoMensual"/>
	   <tocitem text="Informe con Grupos" target="sociosGrupo"/>
	   <tocitem text="Informe con Gráficas" target="graficoSocios"/>
	   <tocitem text="Informe con Tablas RC" target="tablaRC"/>
	   <tocitem text="Informe con Subinformes" target="maestroDetalle"/>
	</tocitem> 
   <tocitem text="Formatos de exportación" target="formatos"/>	
  </tocitem>
</toc>
