<?xml version="1.0" encoding="UTF-8" ?>
<pageDefinition xmlns="http://xmlns.oracle.com/adfm/uimodel"
                version="10.1.3.40.66" id="GPanelPageDef"
                Package="vistaswing.pageDefs">
  <parameters/>
  <executables>
    <page id="PanelGruposView1HelperPageDef"
          path="vistaswing.pageDefs.PanelGruposView1HelperPageDef"/>
    <page id="PanelGruposView2HelperPageDef"
          path="vistaswing.pageDefs.PanelGruposView2HelperPageDef"/>
    <page id="PanelGruposView2HelperPageDef1"
          path="vistaswing.pageDefs.PanelGruposView2HelperPageDef"/>
    <iterator id="GruposView2Iterator" RangeSize="10" Binds="GruposView2"
              DataControl="AppVistaSwingDataControl"/>
    <page id="PanelGruposView2HelperPageDef2"
          path="vistaswing.pageDefs.PanelGruposView2HelperPageDef"/>
    <page id="PanelGruposView2HelperPageDef3"
          path="vistaswing.pageDefs.PanelGruposView2HelperPageDef"/>
    <page id="PanelGruposView2HelperPageDef4"
          path="vistaswing.pageDefs.PanelGruposView2HelperPageDef"/>
  </executables>
  <bindings>
    <action id="Commit" InstanceName="AppVistaSwingDataControl"
            DataControl="AppVistaSwingDataControl" RequiresUpdateModel="true"
            Action="100"/>
    <action id="Rollback" InstanceName="AppVistaSwingDataControl"
            DataControl="AppVistaSwingDataControl" RequiresUpdateModel="false"
            Action="101"/>
    <table ColumnSort="entireCollection" id="MonitoresView1GruposView2"
           IterBinding="GruposView2Iterator"
           xmlns="http://xmlns.oracle.com/adfm/jcuimodel">
      <AttrNames xmlns="http://xmlns.oracle.com/adfm/uimodel">
        <Item Value="Idgrupo"/>
        <Item Value="Codigoinstalacion"/>
        <Item Value="Cosactividad"/>
        <Item Value="Idmonitor"/>
        <Item Value="Nombre"/>
        <Item Value="Horario"/>
        <Item Value="Estado"/>
        <Item Value="Precio"/>
        <Item Value="Nmin"/>
        <Item Value="Nmax"/>
      </AttrNames>
    </table>
  </bindings>
</pageDefinition>
