<?xml version="1.0" encoding="UTF-8" ?>
<pageDefinition xmlns="http://xmlns.oracle.com/adfm/uimodel"
                version="10.1.3.40.66" id="MFormPageDef"
                Package="vistaswing.pageDefs">
  <parameters/>
  <executables>
    <iterator id="MonitoresView1Iterator" RangeSize="10" Binds="MonitoresView1"
              DataControl="AppVistaSwingDataControl"/>
    <iterator id="GruposView2Iterator" RangeSize="10" Binds="GruposView2"
              DataControl="AppVistaSwingDataControl"/>
    <page id="GPanelPageDef" path="vistaswing.pageDefs.GPanelPageDef"/>
  </executables>
  <bindings>
    <label id="MonitoresView1Apellidos" IterBinding="MonitoresView1Iterator"
           xmlns="http://xmlns.oracle.com/adfm/jcuimodel">
      <AttrNames xmlns="http://xmlns.oracle.com/adfm/uimodel">
        <Item Value="Apellidos"/>
      </AttrNames>
    </label>
    <label id="MonitoresView1Telefono_1" IterBinding="MonitoresView1Iterator"
           xmlns="http://xmlns.oracle.com/adfm/jcuimodel">
      <AttrNames xmlns="http://xmlns.oracle.com/adfm/uimodel">
        <Item Value="Telefono"/>
      </AttrNames>
    </label>
    <label id="MonitoresView1Telefono_2" IterBinding="MonitoresView1Iterator"
           xmlns="http://xmlns.oracle.com/adfm/jcuimodel">
      <AttrNames xmlns="http://xmlns.oracle.com/adfm/uimodel">
        <Item Value="Telefono"/>
      </AttrNames>
    </label>
    <label id="MonitoresView1Telefono_3" IterBinding="MonitoresView1Iterator"
           xmlns="http://xmlns.oracle.com/adfm/jcuimodel">
      <AttrNames xmlns="http://xmlns.oracle.com/adfm/uimodel">
        <Item Value="Telefono"/>
      </AttrNames>
    </label>
    <attributeValues id="MonitoresView1Apellidos_1"
                     IterBinding="MonitoresView1Iterator"
                     xmlns="http://xmlns.oracle.com/adfm/jcuimodel">
      <AttrNames xmlns="http://xmlns.oracle.com/adfm/uimodel">
        <Item Value="Apellidos"/>
      </AttrNames>
    </attributeValues>
    <attributeValues id="MonitoresView1Nombre"
                     IterBinding="MonitoresView1Iterator"
                     xmlns="http://xmlns.oracle.com/adfm/jcuimodel">
      <AttrNames xmlns="http://xmlns.oracle.com/adfm/uimodel">
        <Item Value="Nombre"/>
      </AttrNames>
    </attributeValues>
    <attributeValues id="MonitoresView1Telefono"
                     IterBinding="MonitoresView1Iterator"
                     xmlns="http://xmlns.oracle.com/adfm/jcuimodel">
      <AttrNames xmlns="http://xmlns.oracle.com/adfm/uimodel">
        <Item Value="Telefono"/>
      </AttrNames>
    </attributeValues>
    <attributeValues id="MonitoresView1Apellidos_2"
                     IterBinding="MonitoresView1Iterator"
                     xmlns="http://xmlns.oracle.com/adfm/jcuimodel">
      <AttrNames xmlns="http://xmlns.oracle.com/adfm/uimodel">
        <Item Value="Apellidos"/>
      </AttrNames>
    </attributeValues>
    <attributeValues id="MonitoresView1Telefono_4"
                     IterBinding="MonitoresView1Iterator"
                     xmlns="http://xmlns.oracle.com/adfm/jcuimodel">
      <AttrNames xmlns="http://xmlns.oracle.com/adfm/uimodel">
        <Item Value="Telefono"/>
      </AttrNames>
    </attributeValues>
    <attributeValues id="MonitoresView1Telefono_5"
                     IterBinding="MonitoresView1Iterator"
                     xmlns="http://xmlns.oracle.com/adfm/jcuimodel">
      <AttrNames xmlns="http://xmlns.oracle.com/adfm/uimodel">
        <Item Value="Telefono"/>
      </AttrNames>
    </attributeValues>
    <attributeValues id="MonitoresView1Nombre_1"
                     IterBinding="MonitoresView1Iterator"
                     xmlns="http://xmlns.oracle.com/adfm/jcuimodel">
      <AttrNames xmlns="http://xmlns.oracle.com/adfm/uimodel">
        <Item Value="Nombre"/>
      </AttrNames>
    </attributeValues>
    <table ColumnSort="entireCollection" id="MonitoresView1GruposView2"
           IterBinding="GruposView2Iterator"
           xmlns="http://xmlns.oracle.com/adfm/jcuimodel">
      <AttrNames xmlns="http://xmlns.oracle.com/adfm/uimodel">
        <Item Value="Idgrupo"/>
        <Item Value="Nombre"/>
        <Item Value="Horario"/>
        <Item Value="Estado"/>
        <Item Value="Precio"/>
      </AttrNames>
    </table>
  </bindings>
</pageDefinition>
