<?xml version="1.0" encoding="UTF-8" ?>
<pageDefinition xmlns="http://xmlns.oracle.com/adfm/uimodel"
                version="10.1.3.40.66" id="PanelGruposView2Helper1PageDef"
                Package="vistaswing.pageDefs">
  <parameters/>
  <executables>
    <iterator id="GruposView2Iterator" RangeSize="10" Binds="GruposView2"
              DataControl="AppVistaSwingDataControl"/>
  </executables>
  <bindings>
    <attributeValues id="GruposView2Idgrupo" IterBinding="GruposView2Iterator"
                     xmlns="http://xmlns.oracle.com/adfm/jcuimodel">
      <AttrNames xmlns="http://xmlns.oracle.com/adfm/uimodel">
        <Item Value="Idgrupo"/>
      </AttrNames>
    </attributeValues>
    <attributeValues id="GruposView2Codigoinstalacion"
                     IterBinding="GruposView2Iterator"
                     xmlns="http://xmlns.oracle.com/adfm/jcuimodel">
      <AttrNames xmlns="http://xmlns.oracle.com/adfm/uimodel">
        <Item Value="Codigoinstalacion"/>
      </AttrNames>
    </attributeValues>
    <attributeValues id="GruposView2Cosactividad"
                     IterBinding="GruposView2Iterator"
                     xmlns="http://xmlns.oracle.com/adfm/jcuimodel">
      <AttrNames xmlns="http://xmlns.oracle.com/adfm/uimodel">
        <Item Value="Cosactividad"/>
      </AttrNames>
    </attributeValues>
    <attributeValues id="GruposView2Idmonitor" IterBinding="GruposView2Iterator"
                     xmlns="http://xmlns.oracle.com/adfm/jcuimodel">
      <AttrNames xmlns="http://xmlns.oracle.com/adfm/uimodel">
        <Item Value="Idmonitor"/>
      </AttrNames>
    </attributeValues>
    <attributeValues id="GruposView2Nombre" IterBinding="GruposView2Iterator"
                     xmlns="http://xmlns.oracle.com/adfm/jcuimodel">
      <AttrNames xmlns="http://xmlns.oracle.com/adfm/uimodel">
        <Item Value="Nombre"/>
      </AttrNames>
    </attributeValues>
    <attributeValues id="GruposView2Horario" IterBinding="GruposView2Iterator"
                     xmlns="http://xmlns.oracle.com/adfm/jcuimodel">
      <AttrNames xmlns="http://xmlns.oracle.com/adfm/uimodel">
        <Item Value="Horario"/>
      </AttrNames>
    </attributeValues>
    <attributeValues id="GruposView2Estado" IterBinding="GruposView2Iterator"
                     xmlns="http://xmlns.oracle.com/adfm/jcuimodel">
      <AttrNames xmlns="http://xmlns.oracle.com/adfm/uimodel">
        <Item Value="Estado"/>
      </AttrNames>
    </attributeValues>
    <attributeValues id="GruposView2Precio" IterBinding="GruposView2Iterator"
                     xmlns="http://xmlns.oracle.com/adfm/jcuimodel">
      <AttrNames xmlns="http://xmlns.oracle.com/adfm/uimodel">
        <Item Value="Precio"/>
      </AttrNames>
    </attributeValues>
    <attributeValues id="GruposView2Idgrupo_1" IterBinding="GruposView2Iterator"
                     xmlns="http://xmlns.oracle.com/adfm/jcuimodel">
      <AttrNames xmlns="http://xmlns.oracle.com/adfm/uimodel">
        <Item Value="Idgrupo"/>
      </AttrNames>
    </attributeValues>
    <attributeValues id="GruposView2Codigoinstalacion_1"
                     IterBinding="GruposView2Iterator"
                     xmlns="http://xmlns.oracle.com/adfm/jcuimodel">
      <AttrNames xmlns="http://xmlns.oracle.com/adfm/uimodel">
        <Item Value="Codigoinstalacion"/>
      </AttrNames>
    </attributeValues>
    <attributeValues id="GruposView2Cosactividad_1"
                     IterBinding="GruposView2Iterator"
                     xmlns="http://xmlns.oracle.com/adfm/jcuimodel">
      <AttrNames xmlns="http://xmlns.oracle.com/adfm/uimodel">
        <Item Value="Cosactividad"/>
      </AttrNames>
    </attributeValues>
    <attributeValues id="GruposView2Idmonitor_1"
                     IterBinding="GruposView2Iterator"
                     xmlns="http://xmlns.oracle.com/adfm/jcuimodel">
      <AttrNames xmlns="http://xmlns.oracle.com/adfm/uimodel">
        <Item Value="Idmonitor"/>
      </AttrNames>
    </attributeValues>
    <attributeValues id="GruposView2Nombre_1" IterBinding="GruposView2Iterator"
                     xmlns="http://xmlns.oracle.com/adfm/jcuimodel">
      <AttrNames xmlns="http://xmlns.oracle.com/adfm/uimodel">
        <Item Value="Nombre"/>
      </AttrNames>
    </attributeValues>
    <attributeValues id="GruposView2Horario_1" IterBinding="GruposView2Iterator"
                     xmlns="http://xmlns.oracle.com/adfm/jcuimodel">
      <AttrNames xmlns="http://xmlns.oracle.com/adfm/uimodel">
        <Item Value="Horario"/>
      </AttrNames>
    </attributeValues>
    <attributeValues id="GruposView2Estado_1" IterBinding="GruposView2Iterator"
                     xmlns="http://xmlns.oracle.com/adfm/jcuimodel">
      <AttrNames xmlns="http://xmlns.oracle.com/adfm/uimodel">
        <Item Value="Estado"/>
      </AttrNames>
    </attributeValues>
  </bindings>
</pageDefinition>
