<?xml version="1.0" encoding="UTF-8" ?>
<pageDefinition xmlns="http://xmlns.oracle.com/adfm/uimodel"
                version="10.1.3.40.66" id="PanelGruposView1HelperPageDef"
                Package="vistaswing.pageDefs">
  <parameters/>
  <executables>
    <iterator id="GruposView1Iterator" RangeSize="10" Binds="GruposView1"
              DataControl="AppVistaSwingDataControl"/>
  </executables>
  <bindings>
    <attributeValues id="GruposView1Idgrupo" IterBinding="GruposView1Iterator"
                     xmlns="http://xmlns.oracle.com/adfm/jcuimodel">
      <AttrNames xmlns="http://xmlns.oracle.com/adfm/uimodel">
        <Item Value="Idgrupo"/>
      </AttrNames>
    </attributeValues>
    <attributeValues id="GruposView1Codigoinstalacion"
                     IterBinding="GruposView1Iterator"
                     xmlns="http://xmlns.oracle.com/adfm/jcuimodel">
      <AttrNames xmlns="http://xmlns.oracle.com/adfm/uimodel">
        <Item Value="Codigoinstalacion"/>
      </AttrNames>
    </attributeValues>
    <attributeValues id="GruposView1Cosactividad"
                     IterBinding="GruposView1Iterator"
                     xmlns="http://xmlns.oracle.com/adfm/jcuimodel">
      <AttrNames xmlns="http://xmlns.oracle.com/adfm/uimodel">
        <Item Value="Cosactividad"/>
      </AttrNames>
    </attributeValues>
    <attributeValues id="GruposView1Idmonitor" IterBinding="GruposView1Iterator"
                     xmlns="http://xmlns.oracle.com/adfm/jcuimodel">
      <AttrNames xmlns="http://xmlns.oracle.com/adfm/uimodel">
        <Item Value="Idmonitor"/>
      </AttrNames>
    </attributeValues>
    <attributeValues id="GruposView1Nombre" IterBinding="GruposView1Iterator"
                     xmlns="http://xmlns.oracle.com/adfm/jcuimodel">
      <AttrNames xmlns="http://xmlns.oracle.com/adfm/uimodel">
        <Item Value="Nombre"/>
      </AttrNames>
    </attributeValues>
    <attributeValues id="GruposView1Horario" IterBinding="GruposView1Iterator"
                     xmlns="http://xmlns.oracle.com/adfm/jcuimodel">
      <AttrNames xmlns="http://xmlns.oracle.com/adfm/uimodel">
        <Item Value="Horario"/>
      </AttrNames>
    </attributeValues>
    <attributeValues id="GruposView1Estado" IterBinding="GruposView1Iterator"
                     xmlns="http://xmlns.oracle.com/adfm/jcuimodel">
      <AttrNames xmlns="http://xmlns.oracle.com/adfm/uimodel">
        <Item Value="Estado"/>
      </AttrNames>
    </attributeValues>
    <attributeValues id="GruposView1Precio" IterBinding="GruposView1Iterator"
                     xmlns="http://xmlns.oracle.com/adfm/jcuimodel">
      <AttrNames xmlns="http://xmlns.oracle.com/adfm/uimodel">
        <Item Value="Precio"/>
      </AttrNames>
    </attributeValues>
    <attributeValues id="GruposView1Nmin" IterBinding="GruposView1Iterator"
                     xmlns="http://xmlns.oracle.com/adfm/jcuimodel">
      <AttrNames xmlns="http://xmlns.oracle.com/adfm/uimodel">
        <Item Value="Nmin"/>
      </AttrNames>
    </attributeValues>
    <attributeValues id="GruposView1Nmax" IterBinding="GruposView1Iterator"
                     xmlns="http://xmlns.oracle.com/adfm/jcuimodel">
      <AttrNames xmlns="http://xmlns.oracle.com/adfm/uimodel">
        <Item Value="Nmax"/>
      </AttrNames>
    </attributeValues>
  </bindings>
</pageDefinition>
